{"cameraMode":{"drawMode":0,"name":"Shaded","section":"Shading Mode"},"sceneLighting":false,"audioPlay":false,"sceneViewState":{"m_AlwaysRefresh":false,"showFog":true,"showSkybox":false,"showFlares":true,"showImageEffects":true,"showParticleSystems":true,"showVisualEffectGraphs":true,"m_FxEnabled":true},"in2DMode":false,"pivot":{"x":6.1859660148620609,"y":-1.0398225784301758,"z":0.27243828773498537},"rotation":{"x":-0.017994891852140428,"y":0.021291345357894899,"z":-0.0003831289359368384,"w":-0.9996145963668823},"size":3.314138412475586,"orthographic":true}