{"cameraMode":{"drawMode":0,"name":"Shaded","section":"Shading Mode"},"sceneLighting":false,"audioPlay":false,"sceneViewState":{"m_AlwaysRefresh":false,"showFog":true,"showSkybox":false,"showFlares":true,"showImageEffects":true,"showParticleSystems":true,"showVisualEffectGraphs":true,"m_FxEnabled":true},"in2DMode":false,"pivot":{"x":-9.080585479736329,"y":0.9726914167404175,"z":-0.11460494995117188},"rotation":{"x":-0.017994891852140428,"y":0.021291345357894899,"z":-0.0003831289359368384,"w":-0.9996145963668823},"size":1.895242691040039,"orthographic":true}